id,case_name,pdf_url,saved_file,original_filename
J00001,Company Matter 38/2026,https://supremecourt.gov.bd/resources/documents/1919016_cm341of26.pdf,J00001.pdf,1919016_cm341of26.pdf
J00002,Civil Revision 2518/2017(Civil Revision 2518/2017),https://supremecourt.gov.bd/resources/documents/1245650_CR_2518_2017.pdf,J00002.pdf,1245650_CR_2518_2017.pdf
J00003,Death Reference 95/2018(Death Reference 95/2018),https://supremecourt.gov.bd/resources/documents/3240698_DR_95_2018.pdf,J00003.pdf,3240698_DR_95_2018.pdf
J00004,Death Reference 75/2018(Death Reference 75/2018),https://supremecourt.gov.bd/resources/documents/3171215_Death_Reference_75_of_2018.pdf,J00004.pdf,3171215_Death_Reference_75_of_2018.pdf
J00005,Civil Revision 4266/2015(Civil Revision 4266/2015),https://supremecourt.gov.bd/resources/documents/967860_C_R_No_4266_15.pdf,J00005.pdf,967860_C_R_No_4266_15.pdf
J00006,Civil Revision 4894/2024(Civil Revision 4894/2024),https://supremecourt.gov.bd/resources/documents/3315287_CivilRevision_4894of2024.pdf,J00006.pdf,3315287_CivilRevision_4894of2024.pdf
J00007,Civil Revision 710/2017(Civil Revision 710/2017),https://supremecourt.gov.bd/resources/documents/1271799_C.R._No._710_of_2017.pdf,J00007.pdf,1271799_C.R._No._710_of_2017.pdf
J00008,Civil Revision 3875/2022(Civil Revision 3875/2022),https://supremecourt.gov.bd/resources/documents/2527855_C.R._No._3875_of_2022.pdf,J00008.pdf,2527855_C.R._No._3875_of_2022.pdf
J00009,Writ Petition 5568/2019(Writ Petition 5568/2019),https://supremecourt.gov.bd/resources/documents/1628190_WP.5568of2019Absoluteinpart30.07.2026.pdf,J00009.pdf,1628190_WP.5568of2019Absoluteinpart30.07.2026.pdf
J00010,Writ Petition 7055/2025(.../),https://supremecourt.gov.bd/resources/documents/3177314_writ_petition_no_7055_2025.pdf,J00010.pdf,3177314_writ_petition_no_7055_2025.pdf
J00011,Civil Revision 3118/2022(Civil Revision 3118/2022),https://supremecourt.gov.bd/resources/documents/2270397_C.R._No._3118_of_2022.pdf,J00011.pdf,2270397_C.R._No._3118_of_2022.pdf
J00012,Writ Petition 1098/2013(.../),https://supremecourt.gov.bd/resources/documents/3231417_W_P_6890of2013.pdf,J00012.pdf,3231417_W_P_6890of2013.pdf
J00013,Civil Revision 2741/2018(Civil Revision 2741/2018),https://supremecourt.gov.bd/resources/documents/1449307_CivilRevision_2741of2018.pdf,J00013.pdf,1449307_CivilRevision_2741of2018.pdf
J00014,Civil Revision 3791/2017(Civil Revision 3791/2017),https://supremecourt.gov.bd/resources/documents/1475015_C.R._No._3791_of_2017.pdf,J00014.pdf,1475015_C.R._No._3791_of_2017.pdf
J00015,First Appeal 31/2026(First Appeal 31/2026),https://supremecourt.gov.bd/resources/documents/3660265_FIRST_APPEAL_31_OF_2026_ALLOWED.pdf,J00015.pdf,3660265_FIRST_APPEAL_31_OF_2026_ALLOWED.pdf
J00016,Company Matter 860/2024,https://supremecourt.gov.bd/resources/documents/2964918_cm860of24.pdf,J00016.pdf,2964918_cm860of24.pdf
J00017,Civil Revision 67/2022(Civil Revision 67/2022),https://supremecourt.gov.bd/resources/documents/2461156_CivilRevision_No_67of2022.pdf,J00017.pdf,2461156_CivilRevision_No_67of2022.pdf
J00018,Writ Petition 5029/2021(Writ Petition 5029/2021),https://supremecourt.gov.bd/resources/documents/1978071_W_P_No_5029of2021.pdf,J00018.pdf,1978071_W_P_No_5029of2021.pdf
J00019,Writ Petition 323/2023(Writ Petition 323/2023),https://supremecourt.gov.bd/resources/documents/2344573_W_P_No_323of2023.pdf,J00019.pdf,2344573_W_P_No_323of2023.pdf
J00020,Writ Petition 13635/2024(Writ Petition 13635/2024),https://supremecourt.gov.bd/resources/documents/3249593_W_P_No_13635of2024.pdf,J00020.pdf,3249593_W_P_No_13635of2024.pdf
J00021,Criminal Revision (TN) 4901/2023(Criminal Revision No. 4901/2023),https://supremecourt.gov.bd/resources/documents/1_Crl.Rev.No.4901of2023(Discharged)(30.08.2026).pdf,J00021.pdf,1_Crl.Rev.No.4901of2023(Discharged)(30.08.2026).pdf
J00022,Criminal Revision (TN) 4403/2025(Criminal Revision),https://supremecourt.gov.bd/resources/documents/1_CriminalRevisionNo.4403of2025.pdf,J00022.pdf,1_CriminalRevisionNo.4403of2025.pdf
J00023,Criminal Misc 48205/2021(Criminal Misc 48205/2021),https://supremecourt.gov.bd/resources/documents/2190325_Criminal_Miscellaneous_Case_No_48205_of_2021.pdf,J00023.pdf,2190325_Criminal_Miscellaneous_Case_No_48205_of_2021.pdf
J00024,Admiralty Suit 28/2026,https://supremecourt.gov.bd/resources/documents/3613726_ad28of26.pdf,J00024.pdf,3613726_ad28of26.pdf
J00025,Criminal Misc 32601/2025(Criminal Misc 32601/2025),https://supremecourt.gov.bd/resources/documents/3319458_Criminal_Miscellanelus_Case_No_32601_of_2025.pdf,J00025.pdf,3319458_Criminal_Miscellanelus_Case_No_32601_of_2025.pdf
J00026,Criminal Misc 54742/2022(Criminal Misc 54742/2022),https://supremecourt.gov.bd/resources/documents/2885281_Criminal_Miscellaneous_Case_No_54742_of_2022.pdf,J00026.pdf,2885281_Criminal_Miscellaneous_Case_No_54742_of_2022.pdf
J00027,Company Matter 693/2026,https://supremecourt.gov.bd/resources/documents/3633850_cm693of26.pdf,J00027.pdf,3633850_cm693of26.pdf
J00028,Writ Petition 5568/2019(WP_5568_2019),https://supremecourt.gov.bd/resources/documents/1628190_WP_5568_2019.pdf,J00028.pdf,1628190_WP_5568_2019.pdf
J00029,Civil Revision 2271/2024(Civil Revision 2271/2024),https://supremecourt.gov.bd/resources/documents/3030673_C.R._2271_of_2024.pdf,J00029.pdf,3030673_C.R._2271_of_2024.pdf
J00030,Company Matter (TN) 709/2026,https://supremecourt.gov.bd/resources/documents/1_cm709of26.pdf,J00030.pdf,1_cm709of26.pdf
J00031,Writ Petition 11760/2015(Writ Petition 11760/2015),https://supremecourt.gov.bd/resources/documents/900713_WP_11760_15.pdf,J00031.pdf,900713_WP_11760_15.pdf
J00032,Civil Revision 163/2007(Civil Revision 163/2007),https://supremecourt.gov.bd/resources/documents/69273_C_R_No_163_2007.pdf,J00032.pdf,69273_C_R_No_163_2007.pdf
J00033,First Appeal 17/2012(First Appeal 17/2012),https://supremecourt.gov.bd/resources/documents/428959_F_A_No_17_2012.pdf,J00033.pdf,428959_F_A_No_17_2012.pdf
J00034,Criminal Appeal(H) (TN) 10561/2019(Criminal Appeal No. 10561/2019),https://supremecourt.gov.bd/resources/documents/1_CriminalAppealNo.10561of2019(Allowed)(04.08.2026).pdf,J00034.pdf,1_CriminalAppealNo.10561of2019(Allowed)(04.08.2026).pdf
J00035,Criminal Appeal(H) (TN) 9039/2023(Criminal Appeal No. 9039/2023),https://supremecourt.gov.bd/resources/documents/1_CriminalAppealNo.9039of2023(Dismissed)(10.06.2026).pdf,J00035.pdf,1_CriminalAppealNo.9039of2023(Dismissed)(10.06.2026).pdf
J00036,Civil Revision 1772/2021(Civil Revision 1772/2021),https://supremecourt.gov.bd/resources/documents/2304414_C.R._No._1772_of_2021.pdf,J00036.pdf,2304414_C.R._No._1772_of_2021.pdf
J00037,First Appeal 209/2011(First Appeal 209/2011),https://supremecourt.gov.bd/resources/documents/353093_FIRST_APPEAL_209_of_2011_ALLOWED_.pdf,J00037.pdf,353093_FIRST_APPEAL_209_of_2011_ALLOWED_.pdf
J00038,First Misc Appeal 339/2018(.../),https://supremecourt.gov.bd/resources/documents/1453964_F.A.No.339of2018.pdf,J00038.pdf,1453964_F.A.No.339of2018.pdf
J00039,Civil Revision 2326/2021(Civil Revision 2326/2021),https://supremecourt.gov.bd/resources/documents/2014404_CivilRevision_2326of2021.pdf,J00039.pdf,2014404_CivilRevision_2326of2021.pdf
J00040,Criminal Revision 1935/2026(Criminal Revision 1935/2026),https://supremecourt.gov.bd/resources/documents/3645860_Crl.Rev.1935_2026.pdf,J00040.pdf,3645860_Crl.Rev.1935_2026.pdf
J00041,Writ Petition 13465/2019(Writ Petition 13465/2019),https://supremecourt.gov.bd/resources/documents/1908531_W.P._No._13465_of_2019.pdf,J00041.pdf,1908531_W.P._No._13465_of_2019.pdf
J00042,Company Matter 607/2026(Company Matter 607/2026),https://supremecourt.gov.bd/resources/documents/3607936_CompanyMatterNo.607of2026.pdf,J00042.pdf,3607936_CompanyMatterNo.607of2026.pdf
J00043,Arbitration Application 14/2023(Arbitration Application 14/2023),https://supremecourt.gov.bd/resources/documents/2523321_ArbitrationApplication14of2023.pdf,J00043.pdf,2523321_ArbitrationApplication14of2023.pdf
J00044,Company Matter 125/2016(Company Matter 125/2016),https://supremecourt.gov.bd/resources/documents/1014451_CompanyMatterNo.125of2016.pdf,J00044.pdf,1014451_CompanyMatterNo.125of2016.pdf
J00045,Criminal Revision 2571/2025(Criminal Revision 2571/2025),https://supremecourt.gov.bd/resources/documents/3333168_Crl.Rev.No.2571of2025.pdf,J00045.pdf,3333168_Crl.Rev.No.2571of2025.pdf
J00046,Writ Petition 563/2025(Writ Petition 563/2025),https://supremecourt.gov.bd/resources/documents/3166275_W_P_No_563of2025.pdf,J00046.pdf,3166275_W_P_No_563of2025.pdf
J00047,Writ Petition 4920/2025(Writ Petition 4920/2025),https://supremecourt.gov.bd/resources/documents/3203041_W_P_No_4920of2025.pdf,J00047.pdf,3203041_W_P_No_4920of2025.pdf
J00048,Writ Petition 13988/2023(Writ Petition 13988/2023),https://supremecourt.gov.bd/resources/documents/2780469_W_P_No_13988of2023.pdf,J00048.pdf,2780469_W_P_No_13988of2023.pdf
J00049,First Appeal 178/2009(First Appeal 178/2009),https://supremecourt.gov.bd/resources/documents/15260_First_Appeal178of2009Allowed_dt03.08.2026.pdf,J00049.pdf,15260_First_Appeal178of2009Allowed_dt03.08.2026.pdf
J00050,Writ Petition 11839/2017(WP_11839_2017),https://supremecourt.gov.bd/resources/documents/1213519_WP_11839_2017.pdf,J00050.pdf,1213519_WP_11839_2017.pdf
